{
    "rmse": 0.6530520796071932,
    "mae": 0.5089556949088645,
    "r2": 0.2869469675985957
}